"","Gene","p.value","Adjusted.p.value"
"1","42265_f_at",5.46336871559376e-08,0.000689477131907932
"2","42281_at",7.65597611168016e-08,0.000966184185294037
"3","42350_r_at",3.6464267871666e-08,0.000460179060540425
"4","42568_at",1.20793688082793e-07,0.00152441634360485
"5","42571_at",5.17579563124714e-09,6.53185408663389e-05
"6","42639_at",2.40481115498689e-07,0.00303487167759346
"7","42646_at",3.67901910732805e-08,0.0004642922113448
"8","42670_at",2.89848436826472e-07,0.00365788727275008
"9","42688_at",1.64987257246078e-07,0.0020821391864455
"10","42695_at",4.36691307531588e-08,0.000551104430104864
"11","42734_r_at",1.21840826319366e-07,0.00153763122815039
"12","42740_at",2.65330068557297e-08,0.000334846546519308
"13","42745_at",1.2079590048319e-07,0.00152444426409786
"14","42804_at",1.60774828096817e-07,0.00202897833058183
"15","42809_at",8.80288168631707e-07,0.0111092366881321
"16","42825_at",2.97281278089108e-07,0.00375168972948454
"17","42838_f_at",2.11620511688427e-07,0.00267065085750795
"18","42912_at",1.83952138975855e-06,0.0232147599387529
"19","42913_f_at",2.92299165934312e-07,0.00368881547409101
"20","42925_at",1.84503764787848e-07,0.00232843751162264
"21","43014_at",2.20852476669404e-07,0.00278715825556788
"22","43066_g_at",3.22986865656718e-06,0.0407609424458778
"23","43076_at",6.7295831255443e-12,8.49273390443691e-08
"24","43090_at",2.4804290618118e-06,0.0313030147600649
"25","43102_g_at",8.44825076450972e-11,1.06616924648113e-06
"26","43112_at",2.83084758832181e-10,3.57252965646213e-06
"27","43120_at",2.74469730674911e-10,3.46380800111737e-06
"28","43125_at",2.29341644137765e-06,0.028942915490186
"29","43230_at",1.69109706649888e-08,0.000213416449792159
"30","43301_at",1.0602290935106e-06,0.0133800911601038
"31","43313_at",2.98940095211169e-06,0.0377262400156495
"32","43349_r_at",2.76600133939024e-06,0.0349069369031049
"33","43355_s_at",2.19950624890212e-14,2.77577688611447e-10
"34","43370_at",2.80181739304267e-10,3.53589355001985e-06
"35","43377_s_at",3.22973011001472e-06,0.0407591939883858
"36","43395_s_at",2.08523038974481e-09,2.63156075185795e-05
"37","43427_at",5.42666792112215e-07,0.00684845491645615
"38","43440_at",4.59731267090579e-07,0.00580180859068311
"39","43456_at",1.53682490334402e-10,1.93947302802015e-06
"40","43459_at",2.98940095211169e-06,0.0377262400156495
"41","43465_s_at",4.19460147129226e-07,0.00529358705677083
"42","43470_at",2.57428668758573e-07,0.00324874979973319
"43","43484_at",4.06367037679215e-08,0.00051283520155117
"44","43485_s_at",1.17697857955066e-09,1.48534696739293e-05
"45","43493_at",7.79240190431731e-08,0.000983401120324845
"46","43506_at",1.17081009514062e-10,1.47756234006746e-06
"47","43507_g_at",1.16655178107876e-07,0.0014721883477214
"48","43554_at",1.2742090238456e-09,1.60805178809315e-05
"49","43580_at",2.59895822871506e-06,0.0327988528463841
"50","43585_at",3.98904984290875e-08,0.000503418090175085
"51","43589_at",1.36704078001044e-08,0.000172520546437317
"52","43642_at",3.22982247383734e-06,0.0407603596198273
"53","43669_at",1.07847478639535e-07,0.00136103518043093
"54","43744_at",1.75476416378003e-06,0.0221451237469039
"55","43750_at",2.08743934628971e-06,0.0263434845501761
"56","43751_at",7.98390179597531e-07,0.0100756840665208
"57","43754_at",1.08647290087244e-06,0.0137112880090102
"58","43758_at",3.5430175333921e-06,0.0447128812714083
"59","43792_at",1.34967351941742e-06,0.0170328798150478
"60","43801_f_at",5.29395613531933e-07,0.00668097264277299
"61","43817_f_at",2.50197215985509e-10,3.15748886573712e-06
"62","43827_s_at",2.30939938902118e-11,2.91446202894473e-07
"63","43850_s_at",1.48762943179191e-07,0.00187738834292139
"64","43922_at",7.47923472237088e-07,0.00943879421963205
"65","43925_at",5.66324723259134e-10,7.14701800753027e-06
"66","43931_at",3.40900877160357e-06,0.043021690697637
"67","43964_at",4.48605058224568e-08,0.000566139583479405
"68","43966_at",4.43969845522928e-10,5.60289945049936e-06
"69","43984_at",2.57419716655444e-07,0.00324863682419171
"70","44004_at",4.9649822520793e-11,6.26580760212408e-07
"71","44010_at",4.8725723368366e-07,0.00614918628908779
"72","44045_at",1.8548348732138e-06,0.0234080160999581
"73","44057_at",1.87289205470071e-08,0.00023635897730323
"74","44075_at",4.91335645135336e-07,0.00620065584160794
"75","44077_at",1.29677036831958e-06,0.0163652420481931
"76","44080_at",3.45407323826037e-08,0.000435904042668458
"77","44088_at",2.66152191241695e-10,3.35884065347019e-06
"78","44102_at",9.54804957346656e-07,0.0120496385617148
"79","44106_at",4.39844282664215e-09,5.55083484722239e-05
"80","44119_at",3.16187446291262e-11,3.99028557219573e-07
"81","44128_at",2.74477488755531e-06,0.034639059080948
"82","44140_at",1.15646965219665e-07,0.00145946470107217
"83","44148_at",1.37608715412674e-07,0.00173662198850795
"84","44339_at",6.39947668509288e-07,0.00807613957658722
"85","44422_r_at",1.16653036548721e-07,0.00147216132124486
"86","44436_at",2.98695136952694e-08,0.0003769532628343
"87","44568_at",1.74105612066767e-06,0.0219721282428259
"88","44575_at",6.29516944502181e-07,0.00794450383961752
"89","44576_at",2.13444072160704e-07,0.00269366419066809
"90","44591_at",1.14043838377763e-06,0.0143923324032737
"91","44596_at",1.72325270974255e-10,2.17474491969509e-06
"92","44598_at",2.96138189558602e-09,3.73726395222956e-05
"93","44605_at",1.26585132819493e-06,0.01597504376182
"94","44606_at",6.04186657878457e-07,0.00762483562242612
"95","44631_at",3.94523687811956e-06,0.0497888894018688
"96","44649_at",7.35528807125961e-07,0.00928237354592962
"97","44662_at",2.49976199815237e-06,0.0315469964166829
"98","44676_at",3.65361895134071e-06,0.0461086711659197
"99","44691_at",1.59557623610273e-06,0.0201361720996165
"100","44699_at",7.13168316898558e-11,9.00018415925981e-07
"101","44710_at",7.97522156192124e-10,1.00647296111446e-05
"102","44720_at",3.30580525519268e-06,0.0417192623205316
"103","44733_at",1.40683921135627e-09,1.77543108473161e-05
"104","44745_at",1.31768371139581e-06,0.0166291684378152
"105","44746_at",1.07843498172604e-07,0.00136098494693826
"106","44748_at",8.72784047994529e-10,1.1014534685691e-05
"107","44761_at",3.32625483173143e-09,4.19773359764506e-05
"108","44793_s_at",4.05698226018645e-07,0.0051199116123553
"109","44806_at",1.61530579445112e-09,2.03851591259732e-05
"110","44816_s_at",6.55090398215626e-11,8.26724082548119e-07
"111","44826_at",1.23396188402017e-10,1.55725989763345e-06
"112","44841_at",4.00708397091194e-11,5.05693997129087e-07
"113","44847_at",2.46700785165233e-07,0.00311336390878524
"114","44851_s_at",3.68212064543292e-06,0.0464683625453635
"115","44863_at",4.05698226018645e-07,0.0051199116123553
"116","44864_g_at",5.20725519486245e-07,0.00657155605591641
"117","44887_at",2.72350738874653e-06,0.0343706632459812
"118","44892_at",4.00960813596153e-10,5.06012546758345e-06
"119","44932_at",3.01278658250089e-06,0.0380213666711612
"120","44936_at",2.42286213530204e-06,0.0305765201475118
"121","44972_at",3.345132051586e-07,0.00422155664910153
"122","44986_s_at",1.09794465856258e-09,1.38560615910597e-05
"123","44988_at",1.05054040058922e-07,0.00132578198554359
"124","45055_at",2.04479246413622e-07,0.0025805280897399
"125","45091_at",1.22071093980903e-08,0.0001540537206039
"126","45156_at",6.56029236587483e-07,0.00827908896573404
"127","45171_at",1.59391074023652e-07,0.00201151535417849
"128","45178_at",2.53525269366938e-08,0.000319948889941076
"129","45179_at",7.43375977349065e-10,9.3814048341452e-06
"130","45199_at",1.60224698908003e-10,2.02203570021899e-06
"131","45217_at",9.92788495843226e-12,1.25289908175415e-07
"132","45222_at",5.56295116361856e-07,0.00702044436848662
"133","45229_at",2.84843650268059e-09,3.59472686638291e-05
"134","45233_at",1.18878190211205e-09,1.50024276046541e-05
"135","45238_at",1.28378559187962e-07,0.00162013741695208
"136","45249_at",6.34789174095341e-07,0.0080110393770832
"137","45260_at",1.95190712242048e-10,2.46330678849464e-06
"138","45269_at",1.07064148308195e-12,1.35114955164942e-08
"139","45270_at",6.55072324157631e-11,8.26701273086931e-07
"140","45272_at",1.1312420642279e-06,0.0142762748505561
"141","45293_at",2.9228405534073e-07,0.00368862477840001
"142","45297_at",9.79513996064336e-08,0.00123614666303319
"143","45298_at",1.13647421192033e-07,0.00143423045544345
"144","45300_at",1.33896244586712e-06,0.016897706066843
"145","45316_at",1.05978619516679e-07,0.00133745017830049
"146","45318_at",1.9593081855786e-07,0.00247264693020019
"147","45320_at",3.88827469369961e-10,4.90700266344891e-06
"148","45327_at",2.45089481148345e-10,3.09302925209212e-06
"149","45340_at",2.63050543661869e-11,3.31969786101279e-07
"150","45353_s_at",5.51725162151287e-07,0.00696277154634924
"151","45356_g_at",3.75690204713052e-11,4.74121038347871e-07
"152","45357_s_at",1.43496258427423e-09,1.81092278135408e-05
"153","45393_g_at",4.59746602101659e-07,0.00580200211852294
"154","45433_at",4.44045933401113e-09,5.60385967952205e-05
"155","45478_at",6.44443263611525e-09,8.13287398677745e-05
"156","45509_g_at",4.73458954906379e-08,0.00059750520109185
"157","45513_at",3.71306816781472e-08,0.000468589202778218
"158","45515_s_at",1.15873496136635e-11,1.46232352124433e-07
"159","45532_s_at",3.88662391314878e-12,4.90491937839376e-08
"160","45555_at",5.51716083601279e-07,0.00696265697504814
"161","45566_at",5.64292149177116e-11,7.12136692261521e-07
"162","45574_g_at",7.45298718667994e-08,0.000940566982959008
"163","45595_at",3.7942478522655e-07,0.00478834078955906
"164","45606_at",5.56322561572325e-07,0.00702079072704274
"165","45617_at",3.59770687320505e-06,0.0454030607398478
"166","45628_at",2.10410174935085e-06,0.0265537640768077
"167","45644_at",1.76831013538119e-06,0.0223160739085106
"168","45674_at",1.06512297485785e-10,1.3441851942706e-06
"169","45676_at",1.92526730561037e-08,0.000242968733968028
"170","45680_at",9.76487630609833e-09,0.000123232738982961
"171","45692_at",5.07896775345772e-07,0.00640965730486365
"172","45709_r_at",1.54570079798397e-06,0.0195067440705577
"173","45717_at",9.4708386660115e-07,0.0119521983965065
"174","45719_at",2.40371311451375e-06,0.0303348595051635
"175","45726_at",2.7235468969769e-06,0.0343711618398485
"176","45741_at",6.65524275190005e-10,8.39891635289787e-06
"177","45742_g_at",1.36050877554229e-06,0.0171696207473437
"178","45757_at",4.25067929206128e-08,0.000536435726658134
"179","45762_at",3.54877513959036e-08,0.000447855422616304
"180","45772_at",1.2405183651908e-13,1.56553417687078e-09
"181","45777_at",1.61530579445112e-09,2.03851591259732e-05
"182","45786_at",1.85477932405512e-06,0.0234073150695756
"183","45789_f_at",1.27328826295619e-10,1.60688978785071e-06
"184","45793_at",1.96771806402214e-12,2.48326019679594e-08
"185","45807_at",1.38240960467492e-06,0.0174460092109975
"186","45828_at",1.2863842043553e-06,0.0162341686589639
"187","45829_at",6.20176811686874e-10,7.82663136348835e-06
"188","45882_at",4.17461687611364e-08,0.000526836649765541
"189","45896_at",1.6967008265486e-09,2.14123644310433e-05
"190","45991_at",1.10299974105607e-08,0.000139198567321276
"191","46016_at",9.93820654486743e-10,1.25420166596227e-05
"192","46089_at",7.85505889698648e-07,0.00991308432799694
"193","46113_at",7.12041824623249e-07,0.0089859678267454
"194","46116_at",3.10103251948944e-07,0.00391350303959568
"195","46155_at",4.63579567396952e-07,0.00585037414054953
"196","46164_at",2.34417161293833e-07,0.00295834457552817
"197","46183_at",1.58564079399021e-10,2.00107868201565e-06
"198","46215_at",6.14576369132862e-11,7.75595377845671e-07
"199","46231_at",2.05495125097517e-06,0.0259334847873066
"200","46232_at",1.66100260029633e-08,0.000209618528157397
"201","46242_at",6.02596772133314e-08,0.000760477126432242
"202","46253_at",1.00232495890906e-06,0.0126493409814324
"203","46266_at",7.49972298762583e-09,9.4646504103838e-05
"204","46270_at",1.37611213787839e-07,0.00173665351800253
"205","46273_at",3.07343286196291e-10,3.8786722717972e-06
"206","46274_at",3.18342904844297e-08,0.000401748745913502
"207","46276_at",4.65305025423731e-12,5.87214942084749e-08
"208","46287_at",4.56778434914478e-08,0.000576454384862071
"209","46307_at",2.02491289581729e-09,2.55544007452142e-05
"210","46308_at",1.00232495890906e-06,0.0126493409814324
"211","46311_at",2.6401232931184e-06,0.0333183559591542
"212","46314_at",1.00435556731936e-08,0.000126749672595703
"213","46318_at",1.87205184391143e-09,2.36252942701622e-05
"214","46324_at",3.18028275539854e-06,0.0401351683731295
"215","46369_at",6.1913907309514e-07,0.00781353510246066
"216","46410_at",8.90378310773419e-10,1.12365742819605e-05
"217","46416_at",3.59816563342058e-06,0.0454088502937677
"218","46476_at",2.23535275552947e-11,2.8210151774782e-07
"219","46494_at",2.57903942135645e-06,0.0325474774975184
"220","46531_g_at",1.46201091142583e-07,0.0018450577702194
"221","46537_at",4.59746602101659e-07,0.00580200211852294
"222","46541_at",6.07983192837507e-08,0.000767274789360933
"223","46568_at",2.47617637515379e-10,3.12493458544408e-06
"224","46646_at",2.05501228165421e-06,0.0259342549944762
"225","46665_at",2.0389050736287e-06,0.0257309820291942
"226","46674_at",1.90911105498142e-09,2.40929815138655e-05
"227","46683_at",2.7399414325738e-09,3.45780608790814e-05
"228","46694_at",1.34186561107276e-08,0.000169343440117382
"229","46698_at",1.90963276981832e-07,0.00240995655551072
"230","46702_at",3.21251031625956e-08,0.000405418801911956
"231","46704_at",2.44179987882407e-06,0.0308155144707598
"232","46724_at",1.5421445303548e-11,1.94618639730776e-07
"233","46737_s_at",2.08762509878801e-06,0.0263458287467047
"234","46743_s_at",7.4556651671025e-08,0.000940904944088335
"235","46829_at",3.88472489105089e-06,0.0490252281250623
"236","46830_at",6.14222644319242e-07,0.00775148977130883
"237","46877_at",1.55302958201564e-07,0.00195992333250374
"238","46900_at",2.76612155912531e-06,0.0349084540761614
"239","46944_at",2.7235468969769e-06,0.0343711618398485
"240","46951_at",2.68578497765573e-07,0.00338946064180153
"241","46999_at",6.45272525915486e-07,0.00814333927705344
"242","47004_at",6.69387987253506e-09,8.44767639913924e-05
"243","47045_at",6.14252724082173e-07,0.00775186937791702
"244","47048_at",1.58584867789664e-08,0.000200134103150555
"245","47076_at",1.74108232644593e-06,0.0219724589597476
"246","47343_at",2.29235630319229e-08,0.000289295365462867
"247","47347_at",1.07784731702426e-06,0.0136024331408462
"248","47402_at",1.0323779460101e-07,0.00130286096786474
"249","47427_at",6.75739882329152e-09,8.5278373149939e-05
"250","47445_at",8.4355326321944e-08,0.00106456421818293
"251","47481_at",3.33559316573954e-10,4.20951857516329e-06
"252","47541_at",2.38563927658198e-11,3.01067676704646e-07
"253","47564_at",1.58299427650356e-06,0.0199773877694749
"254","47579_at",2.23057337994615e-12,2.81498360549204e-08
"255","47585_at",8.24297571070072e-09,0.000104026353469043
"256","47598_at",1.36418291593837e-07,0.00172159883991423
"257","47611_at",4.06351065232073e-08,0.000512815044322877
"258","47614_at",8.72230896695876e-09,0.00011007553916302
"259","47851_at",1.34059937284153e-07,0.00169183640852601
"260","47928_at",4.34983029970116e-10,5.48948583822287e-06
"261","47964_at",1.03526104441703e-06,0.013064994380543
"262","47994_at",3.85826698740058e-07,0.00486913293809953
"263","48011_at",1.1168340746312e-07,0.00140944460218458
"264","48016_at",9.21098949440857e-08,0.00116242687419436
"265","48018_at",5.25038970361953e-07,0.00662599180596785
"266","48023_at",1.79710742989806e-06,0.0226794957653135
"267","48032_at",2.5350988090004e-08,0.000319929469695851
"268","48039_at",2.83216253665002e-12,3.57418912125232e-08
"269","48041_at",2.55904345552003e-06,0.0322951284086628
"270","48044_at",1.43702729662486e-07,0.00181352844834057
"271","48060_at",8.94723043615086e-07,0.0112914048104224
"272","48064_at",2.364384193796e-07,0.00298385285257055
"273","48101_at",1.50008638485637e-07,0.00189310901768874
"274","48115_at",1.20644418666725e-06,0.0152253256357407
"275","48120_at",9.70398709763479e-07,0.0122464317172151
"276","48190_at",2.34799476666115e-06,0.0296316939552638
"277","48380_r_at",7.85505889698648e-07,0.00991308432799694
"278","48386_at",5.01468174311702e-10,6.32852835981368e-06
"279","48424_at",1.56674944471164e-07,0.00197723779922608
"280","48449_i_at",1.0878580341377e-07,0.00137287683908177
"281","48506_at",6.72261035435809e-10,8.48393426719991e-06
"282","48527_at",1.12220454836496e-06,0.0141622214003657
"283","48663_at",1.27576303700818e-06,0.0161001295270432
"284","48713_g_at",1.83855710344266e-08,0.000232025906454464
"285","48727_at",2.16979989536935e-08,0.000273828746795612
"286","48855_r_at",1.96014202396884e-06,0.0247369923424867
"287","48864_at",2.72362591486269e-06,0.0343721590455671
"288","48927_at",3.91888268243709e-09,4.94562994523561e-05
"289","49024_at",8.21549144148814e-08,0.0010367950199158
"290","49116_at",2.27585332383398e-06,0.0287212689467849
"291","49118_r_at",7.17862219428434e-07,0.00905942120918684
"292","49130_at",8.24838123507379e-07,0.0104094571186631
"293","49170_at",5.79802409203873e-07,0.00731710640415287
"294","49256_at",7.07029345584662e-08,0.000892271034127843
"295","49318_at",7.7237516022266e-08,0.000974737452200997
"296","49349_at",1.74110853255351e-06,0.0219727896808253
"297","49368_at",1.2761371273665e-06,0.0161048505473652
"298","49405_r_at",4.05643602979188e-07,0.00511922226959735
"299","49410_at",3.74690424211939e-08,0.000472859315355467
"300","49428_at",7.06278341950558e-07,0.00891323267541605
"301","49438_at",3.17180301918739e-12,4.00281541021449e-08
"302","49452_at",4.69213736784233e-08,0.000592147735821702
"303","49502_i_at",3.23446757331815e-10,4.0818980775275e-06
"304","49535_at",1.67341477442613e-06,0.0211184944532578
"305","49550_at",3.76805817259393e-06,0.0475528941381354
"306","49718_at",9.16563977329614e-07,0.0115670373938997
"307","49797_at",6.02573670180097e-08,0.000760447971767282
"308","49849_at",1.23579478497666e-06,0.0155957301864055
"309","49904_at",1.82577930704199e-06,0.0230413348548699
"310","49906_at",1.47358692580015e-06,0.0185966670035979
"311","50001_at",5.83747679518381e-10,7.36689571552197e-06
"312","50072_at",9.70352816250501e-07,0.0122458525410813
"313","50099_at",5.20673890008986e-07,0.00657090449191341
"314","50130_at",3.08346944355855e-06,0.038913384377709
"315","50223_at",1.75455301176779e-06,0.0221424590085096
"316","50257_at",2.97281278089108e-07,0.00375168972948454
"317","50264_at",4.60851658680591e-08,0.000581594793254905
"318","50298_at",3.19601125086333e-11,4.03336619858952e-07
"319","50300_g_at",6.14508352132157e-11,7.75509540390782e-07
"320","50361_at",3.79998978300385e-12,4.79558710615085e-08
"321","50391_at",3.10496853258276e-10,3.91847028811945e-06
"322","50411_at",3.24184918870677e-08,0.000409121367614795
"323","50421_at",1.89332409948463e-07,0.0023893750135496
"324","50494_at",3.28042975296689e-06,0.0413990234824421
"325","50617_s_at",3.52462890454332e-09,4.44808167753366e-05
"326","50635_at",7.23553446071488e-07,0.00913124448942218
"327","50658_s_at",2.35986533031043e-11,2.97815004685177e-07
"328","50690_at",1.82556031840613e-06,0.0230385712182853
"329","50933_at",3.20706351363281e-07,0.00404731415420461
"330","50943_at",1.84083053522139e-13,2.3231281354494e-09
"331","50945_at",3.43083725044987e-07,0.00432971661006774
"332","51022_at",8.07189613282989e-08,0.00101867329196313
"333","51030_at",1.10710699669829e-07,0.00139716902983324
"334","51092_at",3.12596814808947e-08,0.000394497180288891
"335","51130_at",3.10524282438648e-06,0.0391881644437573
"336","51149_at",3.59826758668716e-06,0.045410136943992
"337","51190_at",1.0414112115339e-07,0.00131426094895579
"338","51195_at",1.73747009021307e-07,0.00219268725384889
"339","51197_at",4.265268353419e-07,0.00538276866201478
"340","51239_at",3.28940951620788e-07,0.00415123480945434
"341","51249_at",5.07930411578467e-07,0.00641008179412025
"342","51253_at",2.99024129404683e-09,3.7736845130871e-05
"343","51370_f_at",3.66920895625132e-07,0.00463054170278916
"344","51428_at",2.28461004148975e-07,0.00288317787236006
"345","51529_at",8.38450079645171e-07,0.0105812400051221
"346","51580_at",1.49992393249189e-07,0.00189290400280476
"347","51586_at",8.52101742654844e-07,0.0107535239923041
"348","51709_at",9.78271826222487e-07,0.0123457904469278
"349","51714_at",2.27703433945719e-09,2.87361733639497e-05
"350","51726_at",2.50917229310618e-07,0.00316657543389999
"351","51766_at",2.08018437781983e-07,0.00262519268480863
"352","51772_at",1.06002990674311e-06,0.0133775774230981
"353","51801_at",2.94238737687232e-06,0.0371329286961287
"354","51842_at",8.13714969900485e-10,1.02690829201441e-05
"355","51939_at",1.4285238410791e-10,1.80279708744183e-06
"356","51960_at",8.46944071122397e-10,1.06884341775647e-05
"357","51988_at",7.93118069748748e-08,0.00100091500402292
"358","52023_at",8.01266646832086e-09,0.000101119850830209
"359","52036_at",3.80761368268335e-09,4.80520846754639e-05
"360","52054_at",1.63400061638677e-06,0.020621087778801
"361","52080_at",1.03232062564375e-07,0.00130278862956241
"362","52098_at",1.05501130518078e-09,1.33142426713815e-05
"363","52100_at",1.52129389185891e-06,0.0191987289152594
"364","52116_at",4.74102874219626e-13,5.98317827265168e-09
"365","52119_at",2.88941967060388e-10,3.64644762430209e-06
"366","52140_at",1.96149369144276e-11,2.47540503860077e-07
"367","52145_at",4.25076259673544e-08,0.000536446239708012
"368","52166_at",5.37664534221895e-09,6.78532642188032e-05
"369","52170_at",2.98725055077975e-08,0.000376991019508405
"370","52186_at",9.58885786572255e-11,1.21011386265419e-06
"371","52242_s_at",1.8111035254682e-06,0.0228561264914087
"372","52327_s_at",1.86959871335041e-06,0.0235943357624822
"373","52340_f_at",4.12534215377923e-07,0.00520618179806938
"374","52345_s_at",1.04307352314219e-14,1.31635878620545e-10
"375","52558_s_at",1.90761353278462e-08,0.000240740827837419
"376","52583_s_at",2.24042060933379e-06,0.0282741080897924
"377","52641_at",2.71362442494549e-09,3.42459402428121e-05
"378","52652_g_at",1.05048213901374e-07,0.00132570845943534
"379","52844_at",3.69966739382266e-07,0.0046689802510042
"380","52855_at",1.42803655142304e-11,1.80218212789588e-07
"381","52856_at",1.77204054727962e-08,0.000223631517066688
"382","52890_at",7.03757521901085e-12,8.88141992639169e-08
"383","52941_at",3.40920285887961e-06,0.0430241400790607
"384","52946_at",4.96484356218373e-11,6.26563257547587e-07
"385","52953_at",1.58292224724514e-06,0.0199764787602336
"386","52966_at",3.20717331744153e-07,0.00404745272661121
"387","52970_at",3.31710116747478e-07,0.00418618167335317
"388","52999_at",6.76371790902358e-08,0.000853581200118775
"389","53011_at",1.03420039512768e-09,1.30516089865114e-05
"390","53149_at",1.75489614455981e-06,0.0221467893443448
"391","53160_at",3.25510161116372e-06,0.0410793823328861
"392","53162_at",5.84605916369969e-07,0.00737772666458901
"393","53198_at",3.27125237958646e-08,0.000412832050303811
"394","53237_at",1.11311501571278e-06,0.0140475114982953
"395","53270_s_at",3.7131415535372e-08,0.000468598464056395
"396","53298_at",3.48877921740875e-06,0.0440283937236985
"397","53420_at",6.8840641328422e-08,0.000868768893564686
"398","53477_at",1.4272765232609e-06,0.0180122297235525
"399","53490_at",7.29699686034275e-07,0.00920881003775255
"400","53550_at",4.56999035950491e-09,5.7673278336952e-05
"401","53644_at",7.45496035443481e-08,0.000940815996729673
"402","53661_at",2.53084521355852e-07,0.00319392665951085
"403","53693_at",1.76860256868184e-06,0.0223197644167648
"404","53706_at",2.44427209677305e-08,0.000308467138612759
"405","53710_at",2.11084494021623e-08,0.000266388631455289
"406","53766_at",3.73100179172594e-07,0.00470852426115814
"407","53785_at",1.3518416815042e-11,1.7060242020583e-07
"408","53793_at",1.34172626030862e-10,1.69325854050948e-06
"409","53796_at",1.45892591187393e-08,0.00018411645007849
"410","53865_at",3.0126999155827e-06,0.0380202729346537
"411","53962_at",2.13032167613158e-08,0.000268846595527806
"412","54020_at",5.14656486638753e-12,6.49496486138107e-08
"413","54028_at",2.96350966464181e-12,3.73994919677797e-08
"414","54033_at",1.2379235223179e-11,1.56225948516519e-07
"415","54043_at",2.48824228648505e-07,0.00314016176554413
"416","54063_at",2.76669760887875e-09,3.49157238240498e-05
"417","54067_at",2.16984421317499e-08,0.000273834339702683
"418","54077_at",2.87572423963474e-06,0.0362916399041905
"419","54110_at",2.46102374135935e-06,0.031058119615955
"420","54132_f_at",1.32911313822635e-07,0.00167734078044165
"421","54145_at",8.97203098197679e-09,0.000113227030992547
"422","54287_at",2.44611915831763e-07,0.00308700237779685
"423","54369_at",9.78271826222487e-07,0.0123457904469278
"424","54445_at",3.59300669305948e-09,4.53437444664107e-05
"425","54668_at",8.99392293884985e-10,1.13503307488285e-05
"426","54713_at",6.81077138842897e-13,8.59519349219736e-09
"427","54742_at",6.19310806941822e-07,0.0078157023836058
"428","54840_at",2.32992740739385e-06,0.0294036838813104
"429","54865_at",4.4846310204845e-10,5.65960434785144e-06
"430","54881_at",1.41238017683443e-07,0.00178242378316505
"431","54886_at",2.29361894604114e-06,0.0289454710990391
"432","54918_at",8.07204796738719e-08,0.00101869245348426
"433","54940_at",5.81520950756804e-08,0.000733879439855086
"434","54964_at",1.71351748002804e-09,2.16245905979538e-05
"435","54969_at",6.72379767054401e-07,0.00848543266022654
"436","54992_at",1.23585213831489e-06,0.015596453985534
"437","55017_at",1.89332409948463e-07,0.0023893750135496
"438","55077_at",1.33900412966469e-09,1.68982321163685e-05
"439","55105_at",1.0724739416319e-08,0.000135346211433945
"440","55226_at",8.8151736523202e-08,0.00111247491492281
"441","55293_at",1.60211969630993e-10,2.02187505674313e-06
"442","55393_at",3.02314156337409e-07,0.0038152046529781
"443","55411_at",3.84968440173321e-08,0.000485830171498731
"444","55455_at",6.34768501322072e-07,0.00801077848668455
"445","55538_at",1.5954794957463e-06,0.0201349512363183
"446","55562_at",3.62594460569126e-06,0.0457594209238237
"447","55567_at",3.7098915179716e-06,0.0468188309568015
"448","55569_at",3.20733802917821e-07,0.0040476605928229
"449","55588_at",5.61127790415638e-08,0.000708143271504535
"450","55590_at",2.49954286639231e-06,0.031544230973871
"451","55614_at",7.17943293338195e-07,0.00906044436192802
"452","55668_at",1.23692252577598e-09,1.56099622752928e-05
"453","55675_at",4.7769491609729e-08,0.00060285098411478
"454","55722_at",1.55670162222891e-08,0.000196455744725288
"455","55736_at",2.90683687378891e-08,0.00036684281347216
"456","55757_at",8.00161527540164e-08,0.00100980384775569
"457","55832_at",8.80428368101542e-09,0.000111110060054415
"458","55898_at",1.19675489705664e-06,0.0151030468008548
"459","55922_at",2.36202780166022e-07,0.0029808790856952
"460","56033_at",1.64699697143899e-06,0.02078510177956
"461","56056_at",1.73049648809599e-09,2.18388656797714e-05
"462","56122_at",7.15132002017252e-09,9.02496586545773e-05
"463","56126_at",8.62609170729014e-11,1.08861277346002e-06
"464","56161_at",2.15588805286851e-12,2.72073072272006e-08
"465","56172_at",2.82570824215678e-07,0.00356604380160186
"466","56192_at",7.50935708663566e-10,9.47680864333421e-06
"467","56226_at",7.29770235960256e-07,0.00920970037781843
"468","56251_at",2.24035454392592e-06,0.0282732743443451
"469","56265_at",1.26145592837686e-07,0.0015919573816116
"470","56272_at",2.06496471745289e-09,2.60598547342555e-05
"471","56274_at",2.53908522082229e-06,0.0320432554867773
"472","56291_at",2.21104171398840e-11,2.79033464305337e-07
"473","56353_at",2.61831147884013e-07,0.00330430908629624
"474","56373_at",1.05211729302181e-06,0.0132777202379352
"475","56409_at",7.30365844188653e-13,9.2172169536608e-09
"476","56410_at",3.73125451481377e-07,0.00470884319769498
"477","56429_g_at",1.63409950199659e-06,0.0206223357151969
"478","56432_at",4.19212283608195e-09,5.29045901913542e-05
"479","56456_at",5.07227643611142e-11,6.40121286237261e-07
"480","56471_at",1.68790522173403e-10,2.13013638982835e-06
"481","56474_at",1.1268662623837e-13,1.42210522312823e-09
"482","56493_r_at",1.07777990318534e-06,0.013601582378199
"483","56508_at",7.44057447264986e-12,9.39000498448413e-08
"484","56541_at",2.14719702085382e-09,2.70976264031752e-05
"485","56542_at",4.02260372407991e-07,0.00507652589978884
"486","56637_at",3.94451606598165e-06,0.0497797927526884
"487","56664_r_at",3.76768598878484e-06,0.0475481971784647
"488","56929_at",1.13436928445381e-08,0.00014315740369807
"489","57030_at",1.21105944041327e-08,0.000152835701380155
"490","57067_at",4.16675798587978e-13,5.25844857818028e-09
"491","57080_at",3.62594460569126e-06,0.0457594209238237
"492","57146_at",4.99541743364259e-07,0.00630421680125694
"493","57154_at",4.83243590771143e-07,0.00609853411553182
"494","57185_at",4.91335645135336e-07,0.00620065584160794
"495","57194_at",6.5091775679667e-12,8.21458209077397e-08
"496","57202_at",9.09428905115094e-07,0.0114769927825525
"497","57220_at",4.02301022211795e-07,0.00507703890031285
"498","57228_at",3.60809848156047e-07,0.00455342028372931
"499","57241_at",3.3942203672018e-12,4.28350610340867e-08
"500","57319_at",1.24530504013244e-08,0.000157157496064714
"501","57491_at",1.74126560737509e-10,2.19747719650736e-06
"502","57493_at",8.72212103219857e-09,0.000110073167426346
"503","57501_at",2.70239808041799e-06,0.034104263774875
"504","57537_at",2.05501228165421e-06,0.0259342549944762
"505","57543_at",1.78292082938605e-06,0.0225004608668519
"506","57570_at",3.46220551080302e-06,0.0436930335463341
"507","57586_at",9.47009075411086e-07,0.0119512545316879
"508","57588_at",6.14477307581647e-09,7.75470362168039e-05
"509","57617_at",6.94796112085484e-07,0.00876832693451881
"510","57673_at",4.65032603580223e-08,0.000586871145718241
"511","57709_at",1.29974554983702e-09,1.64027888389432e-05
"512","57718_at",1.40687269047635e-09,1.77547333538115e-05
"513","57736_at",1.58591468369552e-08,0.000200142433082374
"514","57745_s_at",2.53882588494297e-06,0.0320399826679802
"515","57769_at",8.24706460075754e-07,0.010407795526156
"516","57811_at",1.97559230092031e-06,0.0249319748376143
"517","57834_at",2.27162790205073e-08,0.000286679441238802
"518","57881_at",2.59903392904135e-06,0.0327998081845019
"519","58013_at",1.38179681826101e-11,1.7438275846454e-07
"520","58018_at",1.79823085775123e-07,0.00226936734248205
"521","58239_at",3.15592266201209e-06,0.0398277439945926
"522","58324_at",4.79245916398692e-07,0.0060480834649515
"523","58412_at",8.73189774121659e-07,0.0110196549494153
"524","58509_at",4.44619486731493e-08,0.000561109792255145
"525","58577_at",1.36050877554229e-06,0.0171696207473437
"526","58617_at",8.64114549669039e-10,1.09051256168233e-05
"527","58620_at",1.22468281132254e-09,1.54554970788904e-05
"528","58646_at",6.92924235010939e-10,8.74470384583805e-06
"529","58686_s_at",3.13178659076299e-06,0.0395231467754289
"530","58688_at",1.32934968670362e-08,0.000167763930461997
"531","58690_at",3.94529232969893e-06,0.0497895892008005
"532","58702_at",3.15367175591362e-07,0.00397993375596299
"533","58771_at",2.99802984965672e-07,0.00378351367026678
"534","58777_at",2.15336054393307e-06,0.0271754100644354
"535","58806_at",2.25802032958727e-06,0.0284962165593914
"536","58897_f_at",3.65165501266062e-06,0.0460838862597771
"537","58916_at",6.77887402346791e-07,0.0085549390176165
"538","58917_at",2.79370816050045e-09,3.52565969855156e-05
"539","58941_at",2.36678724451709e-06,0.0298688550258057
"540","59002_at",3.21251031625956e-08,0.000405418801911956
"541","59022_at",3.59791076067792e-06,0.0454056337997554
"542","59200_at",9.24279516243088e-07,0.0116644074949878
"543","59301_at",6.94773638520555e-07,0.00876804331812941
"544","59342_at",3.79687894468772e-06,0.047916612281959
"545","59350_at",1.82178876567987e-08,0.0002299097422288
"546","59396_at",2.66110905814427e-10,3.35831963137807e-06
